month	frequency	expect
1	0.03167	0.03167
2	0.01492	0.01782
3	0.02782	0.02782
4	0.03253	0.02782
5	0.02702	0.03820
6	0.02288	0.02782
7	0.02015	0.02782
8	0.04094	0.02782
9	0.03966	0.7700
10	0.02153	0.02000
11	0.02772	0.02782
12	0.01025	0.01982